{"cameraMode":{"drawMode":0,"name":"Shaded","section":"Shading Mode"},"sceneLighting":true,"audioPlay":false,"sceneViewState":{"m_AlwaysRefresh":false,"showFog":true,"showSkybox":true,"showFlares":true,"showImageEffects":true,"showParticleSystems":true,"showVisualEffectGraphs":true,"m_FxEnabled":true},"in2DMode":false,"pivot":{"x":2.4882640838623049,"y":1.1337352991104127,"z":-4.990776538848877},"rotation":{"x":-0.3522472679615021,"y":0.03984908014535904,"z":-0.015017109923064709,"w":-0.9349491000175476},"size":2.9026710987091066,"orthographic":false}