{"cameraMode":{"drawMode":0,"name":"Shaded","section":"Shading Mode"},"sceneLighting":true,"audioPlay":false,"sceneViewState":{"m_AlwaysRefresh":false,"showFog":true,"showSkybox":true,"showFlares":true,"showImageEffects":true,"showParticleSystems":true,"showVisualEffectGraphs":true,"m_FxEnabled":true},"in2DMode":false,"pivot":{"x":-2.041246175765991,"y":5.980371475219727,"z":-6.0343475341796879},"rotation":{"x":0.2957722842693329,"y":0.020133070647716523,"z":-0.006216664332896471,"w":0.9551011919975281},"size":2.466726303100586,"orthographic":false}